<?xml version="1.0" encoding="UTF-8" ?>
<!DOCTYPE mapper
  PUBLIC "-//mybatis.org//DTD Mapper 3.0//EN"
  "http://mybatis.org/dtd/mybatis-3-mapper.dtd">
  
<mapper namespace="com.e.library.mapper.MemberMapper">

	<!-- 회원 가입 -->
	<insert id="insert">
		insert into member(memberId, memberName, memberRole, pswd, addr, tel, regDate) 
		values(#{memberId}, #{memberName}, #{memberRole}, #{pswd}, #{addr}, #{tel}, sysdate)
	</insert> 
	
	<!-- 회원 존재 체크 -->
	<select id="getMember" resultType="com.e.library.model.MemberVO">
		select * from member 
		where memberId = #{memberId}
	</select>
	
	<!-- 로그인 체크 -->
	<select id="loginCheck" resultType="com.e.library.model.MemberVO">
		select * from member 
		where memberId = #{memberId} and pswd = #{pswd}
	</select>

	<!-- 회원 정보 수정 -->
	<update id="updateMember">
		update member set 
		pswd = #{pswd}, 
		memberName = #{memberName}, 
		addr = #{addr}, 
		tel = #{tel}
		where memberId = #{memberId}
	</update> 
	
</mapper>
  