<?xml version="1.0" encoding="UTF-8" ?>
<!DOCTYPE mapper
  PUBLIC "-//mybatis.org//DTD Mapper 3.0//EN"
  "http://mybatis.org/dtd/mybatis-3-mapper.dtd">
  
<mapper namespace="com.e.library.mapper.NoticeMapper">

	<!-- 공지 등록 -->
	<insert id="insert">
		insert into notice(noticeid, regdate, title, content)
		values(seq_notice.nextval, sysdate, #{title}, #{content})
	</insert> 
	
	<!-- 공지 찾기 -->
	<select id="getNotice" resultType="com.e.library.model.NoticeVO">
		select * from notice where noticeId = #{noticeId}
	</select>
	
	<!-- 공지들 찾기 -->
	<select id="getNotices" resultType="com.e.library.model.NoticeVO">
		select * from notice
		where ${noticeField} like '%' || #{noticeWord} || '%'
		order by noticeId desc
	</select>
	
	<!-- 모든 공지 -->
	<select id="getAllNotices" resultType="com.e.library.model.NoticeVO">
		select * from notice order by regDate desc
	</select>
	
	<!-- 신간도서 TOP 5 -->
	<!-- <select id="getNewBooks" resultType="com.e.library.model.BookVO">
		select * from (select * from book order by publiDate desc)
		where rownum &lt; 6
	</select> -->

</mapper>

  